Title,Price,Date
"TracFone Nokia C100, 32GB, Blue - Prepaid Smartphone (Locked)",39.99,2023-02-20
"TracFone Nokia C100, 32GB, Blue - Prepaid Smartphone (Locked)",39.99,2023-02-20
"TracFone Nokia C100, 32GB, Blue - Prepaid Smartphone (Locked)",39.99,2023-02-20
"TracFone Nokia C100, 32GB, Blue - Prepaid Smartphone (Locked)",39.99,2023-02-20
"TracFone Nokia C100, 32GB, Blue - Prepaid Smartphone (Locked)",39.99,2023-02-20
"TracFone Nokia C100, 32GB, Blue - Prepaid Smartphone (Locked)",39.99,2023-02-20
"TracFone Nokia C100, 32GB, Blue - Prepaid Smartphone (Locked)",39.99,2023-02-20
"TracFone Nokia C100, 32GB, Blue - Prepaid Smartphone (Locked)",39.99,2023-02-20
"TracFone Nokia C100, 32GB, Blue - Prepaid Smartphone (Locked)",39.99,2023-02-20
"TracFone Nokia C100, 32GB, Blue - Prepaid Smartphone (Locked)",39.99,2023-02-20
